model,features,val_accuracy,val_precision,val_recall,val_f1,test_accuracy,test_precision,test_recall,test_f1,tuned
RandomForest,combined,0.5299145299145299,0.521688544577001,0.5299145299145299,0.5213571956881992,0.5434098065677013,0.5372713963595586,0.5434098065677013,0.5373016910241175,True
RandomForest,ngrams,0.49707602339181284,0.5003028973714101,0.49707602339181284,0.49812261114044964,0.5236167341430499,0.5260296544173756,0.5236167341430499,0.5242991906087147,True
MultinomialNB,ngrams,0.5276653171390013,0.5223443718748751,0.5276653171390013,0.5236181475009143,0.5186684660368871,0.5147798115879334,0.5186684660368871,0.5156446765076075,True
RandomForest,opinion,0.50157444894287,0.4940995551470582,0.50157444894287,0.4950992572060338,0.5200179937022043,0.5142488203356858,0.5200179937022043,0.5155845810838521,True
SGDClassifier,opinion,0.4642375168690958,0.45935965290283065,0.4642375168690958,0.4541396281742975,0.4768331084120558,0.4753801704522768,0.4768331084120558,0.4697704434271952,True
SGDClassifier,combined,0.4678362573099415,0.46963164535816104,0.4678362573099415,0.46841303450944227,0.4682860998650472,0.4687305806272872,0.4682860998650472,0.4684678172496574,True
SGDClassifier,ngrams,0.47593342330184435,0.4767815446591065,0.47593342330184435,0.47618379536204397,0.4565901934322987,0.45791865648094277,0.4565901934322987,0.4571980813116006,True
MultinomialNB,opinion,0.3742690058479532,0.39742545486316094,0.3742690058479532,0.3542203003293366,0.3697705802968961,0.3931298934654968,0.3697705802968961,0.3503095133759372,True
MultinomialNB,combined,0.3742690058479532,0.39742545486316094,0.3742690058479532,0.3542203003293366,0.3697705802968961,0.3931298934654968,0.3697705802968961,0.3503095133759372,True
